[{"model": "personas.nation", "fields": {"image": "nation_images/nothing.jpg", "story": 1, "slug": "alliance", "intrigue": 0, "wealth": 0, "might": 0, "name": "The Alliance", "description": "fdfds", "defense": 0, "magic": 0, "influence": 0}, "pk": 1}, {"model": "personas.nation", "fields": {"image": "nation_images/2015/04/07/eriador.jpg", "story": 3, "slug": "eriador", "intrigue": 1, "wealth": 3, "might": 3, "name": "Eriador", "description": "Originally Eriador was largely forested, but in the Second Age D\u00fanedain felled most of the forests to build ships.[2] In the late Second Age and early Third Age, much of Eriador was encompassed by the kingdom of Arnor, which later split into the rival kingdoms of Rhudaur, Arthedain and Cardolan. The Shire occupied part of the former kingdom of Arthedain, while Bree and its neighbouring villages lie on the border with the former Cardolan. The Barrow-wights dwelt within ancient burial mounds which had been constructed in the First Age by the Edain as they journeyed to Beleriand.[3] Other important places in Eriador were Rivendell, the Grey Havens and the abandoned kingdoms of Eregion and Angmar.", "defense": 3, "magic": 4, "influence": 2}, "pk": 2}, {"model": "personas.nation", "fields": {"image": "nation_images/2015/04/10/258.JPG", "story": 3, "slug": "lothlorien", "intrigue": 6, "wealth": 4, "might": 5, "name": "Lothlorien", "description": "Kingdom of the Elves", "defense": 6, "magic": 9, "influence": 5}, "pk": 3}, {"model": "personas.nation", "fields": {"image": "nation_images/2015/04/10/2ce53db7dce4b5b7b25d42ff0f7c3976-d3fjzs7.jpg", "story": 4, "slug": "rome", "intrigue": 8, "wealth": 8, "might": 9, "name": "Rome", "description": "The greatest Empire in the World", "defense": 4, "magic": 0, "influence": 7}, "pk": 4}, {"model": "personas.location", "fields": {"story": 1, "latitude": 0.0, "description": "dfasf", "longitude": 0.0, "creator": 1, "nation": 1, "name": "The Bridge", "features": "Gateway to the Void", "slug": "bridge", "image": "location_images/2015/04/02/forest_concept_by_gamefan84-d3a7gqr.jpg", "terrain": "Wooded"}, "pk": 1}, {"model": "personas.location", "fields": {"story": 1, "latitude": 53.9, "description": "fida;fnds", "longitude": -1.0, "creator": 2, "nation": 1, "name": "The Killing Floor", "features": "Gangs and Violence", "slug": "the-killing-floor", "image": "location_images/2015/04/07/004.JPG", "terrain": "Rough, Ugly, Brutal"}, "pk": 2}, {"model": "personas.location", "fields": {"story": 3, "latitude": 50.0, "description": "Tharbad was a ford on the southern edge of Eriador, high up along the once densely forested banks of the Gwathl\u00f3.", "longitude": -1.0, "creator": 2, "nation": 2, "name": "Tharbad", "features": "Trading City built atop the ruins of a flooded city", "slug": "tharbad", "image": "location_images/2015/04/09/MERS-DieDiebevonTharbad-FrontCover.jpg", "terrain": "River, Flooded City"}, "pk": 3}, {"model": "personas.location", "fields": {"story": 4, "latitude": 53.9, "description": "The new capital of Rome in Britannia.", "longitude": -1.3604, "creator": 2, "nation": 4, "name": "Clausentum", "features": "Fort, Market, Slums", "slug": "clausentum", "image": "location_images/2015/04/10/lunt-roman-fort-coventry-01.jpg", "terrain": "Riverside, Forest"}, "pk": 4}, {"model": "personas.location", "fields": {"story": 4, "latitude": 50.0, "description": "The lair of the Necromancer, Logos.", "longitude": -1.0, "creator": 2, "nation": 4, "name": "The Tower of Logos", "features": "Rough tower", "slug": "the-tower-of-logos", "image": "location_images/2015/04/10/004.JPG", "terrain": "Hilly, Wooded"}, "pk": 5}, {"model": "personas.trait", "fields": {"name": "Prejudiced", "slug": "prejudiced", "label": "VA", "character": 2}, "pk": 2}, {"model": "personas.trait", "fields": {"name": "Trueblooded Thief", "slug": "trueblooded-thief", "label": "CO", "character": 3}, "pk": 3}, {"model": "personas.trait", "fields": {"name": "Brave", "slug": "brave", "label": "CO", "character": 4}, "pk": 4}, {"model": "personas.trait", "fields": {"name": "Cool Cat", "slug": "cool-cat", "label": "CO", "character": 1}, "pk": 6}, {"model": "personas.trait", "fields": {"name": "Flame-Haired", "slug": "flame-haired", "label": "CO", "character": 8}, "pk": 28}, {"model": "personas.trait", "fields": {"name": "Tall", "slug": "tall", "label": "CO", "character": 9}, "pk": 29}, {"model": "personas.trait", "fields": {"name": "Adventurous", "slug": "adventurous", "label": "CO", "character": 9}, "pk": 30}, {"model": "personas.trait", "fields": {"name": "Ranger", "slug": "ranger", "label": "CO", "character": 9}, "pk": 31}, {"model": "personas.trait", "fields": {"name": "Burglary", "slug": "burglary", "label": "CO", "character": 9}, "pk": 32}, {"model": "personas.trait", "fields": {"name": "Grasping", "slug": "grasping", "label": "FL", "character": 9}, "pk": 33}, {"model": "personas.trait", "fields": {"name": "Old-Lore", "slug": "old-lore", "label": "BA", "character": 9}, "pk": 34}, {"model": "personas.trait", "fields": {"name": "Boating", "slug": "boating", "label": "BA", "character": 9}, "pk": 35}, {"model": "personas.trait", "fields": {"name": "Wheedling", "slug": "wheedling", "label": "CO", "character": 10}, "pk": 36}, {"model": "personas.trait", "fields": {"name": "Power-Hungry", "slug": "power-hungry", "label": "FL", "character": 10}, "pk": 37}, {"model": "personas.trait", "fields": {"name": "Elfin Grace", "slug": "elfin-grace", "label": "CO", "character": 10}, "pk": 38}, {"model": "personas.trait", "fields": {"name": "Necromancer", "slug": "necromancer", "label": "CO", "character": 10}, "pk": 39}, {"model": "personas.specialability", "fields": {"name": "Fire Control", "description": "x10", "item": null, "character": 3}, "pk": 1}, {"model": "personas.specialability", "fields": {"name": "Purify", "description": "dasfd", "item": null, "character": 3}, "pk": 3}, {"model": "personas.specialability", "fields": {"name": "Incredible Strength 4", "description": "Isbaern can lift four times what an ordinary human can and does +4 damage.", "item": null, "character": 4}, "pk": 6}, {"model": "personas.specialability", "fields": {"name": "Strong Willed", "description": "x2 mental armour", "item": null, "character": 8}, "pk": 7}, {"model": "personas.specialability", "fields": {"name": "Kingsman", "description": "+3 endurance, -1xp for weapon skills.", "item": null, "character": 9}, "pk": 8}, {"model": "personas.specialability", "fields": {"name": "Magical Aptitude 4", "description": "Can cast up to Medium Impact spells.", "item": null, "character": 10}, "pk": 9}, {"model": "personas.note", "fields": {"location": null, "chapter": null, "item": null, "organization": null, "story": null, "date": "2015-04-04T21:46:27.728Z", "creator": 2, "scene": null, "nation": 1, "rating": 0, "content": "Hello?", "character": null}, "pk": 1}, {"model": "personas.note", "fields": {"location": null, "chapter": null, "item": null, "organization": null, "story": null, "date": "2015-04-05T20:53:15.035Z", "creator": 2, "scene": null, "nation": null, "rating": 0, "content": "Go to hell!", "character": 1}, "pk": 2}, {"model": "personas.note", "fields": {"location": null, "chapter": null, "item": null, "organization": null, "story": null, "date": "2015-04-06T04:48:59.058Z", "creator": 2, "scene": null, "nation": null, "rating": 0, "content": "Hiya", "character": 2}, "pk": 3}, {"model": "personas.note", "fields": {"location": null, "chapter": null, "item": null, "organization": null, "story": null, "date": "2015-04-06T04:49:10.819Z", "creator": 2, "scene": null, "nation": null, "rating": 0, "content": "Test", "character": 2}, "pk": 4}, {"model": "personas.note", "fields": {"location": null, "chapter": null, "item": null, "organization": null, "story": null, "date": "2015-04-06T04:49:25.260Z", "creator": 2, "scene": null, "nation": null, "rating": 0, "content": "Test2", "character": 2}, "pk": 5}, {"model": "personas.note", "fields": {"location": null, "chapter": null, "item": null, "organization": null, "story": null, "date": "2015-04-06T04:52:57.420Z", "creator": 2, "scene": null, "nation": null, "rating": 0, "content": "Hello", "character": 2}, "pk": 6}, {"model": "personas.note", "fields": {"location": null, "chapter": null, "item": null, "organization": null, "story": null, "date": "2015-04-06T04:53:36.399Z", "creator": 2, "scene": null, "nation": null, "rating": 0, "content": "Thorin", "character": 4}, "pk": 7}, {"model": "personas.note", "fields": {"location": null, "chapter": null, "item": null, "organization": null, "story": null, "date": "2015-04-06T05:09:38.425Z", "creator": 2, "scene": null, "nation": null, "rating": 0, "content": "Kellooooo", "character": 4}, "pk": 8}, {"model": "personas.note", "fields": {"location": null, "chapter": null, "item": null, "organization": null, "story": null, "date": "2015-04-06T05:20:06.885Z", "creator": 2, "scene": null, "nation": null, "rating": 0, "content": "fdfd", "character": 1}, "pk": 9}, {"model": "personas.note", "fields": {"location": null, "chapter": null, "item": null, "organization": null, "story": null, "date": "2015-04-06T05:20:15.708Z", "creator": 2, "scene": null, "nation": null, "rating": 0, "content": "ewefsfad", "character": 1}, "pk": 10}, {"model": "personas.note", "fields": {"location": null, "chapter": null, "item": null, "organization": null, "story": null, "date": "2015-04-06T05:21:27.295Z", "creator": 2, "scene": null, "nation": null, "rating": 0, "content": "ddfbsfdbf", "character": 1}, "pk": 11}, {"model": "personas.note", "fields": {"location": null, "chapter": null, "item": null, "organization": null, "story": null, "date": "2015-04-06T05:21:35.990Z", "creator": 2, "scene": null, "nation": null, "rating": 0, "content": "fgsrrsbb", "character": 1}, "pk": 12}, {"model": "personas.note", "fields": {"location": null, "chapter": null, "item": null, "organization": null, "story": null, "date": "2015-04-06T05:23:19.422Z", "creator": 2, "scene": null, "nation": null, "rating": 0, "content": "fdsadgdbd", "character": 1}, "pk": 13}, {"model": "personas.note", "fields": {"location": null, "chapter": null, "item": null, "organization": null, "story": null, "date": "2015-04-06T05:27:27.381Z", "creator": 2, "scene": null, "nation": null, "rating": 0, "content": "Test", "character": 1}, "pk": 14}, {"model": "personas.note", "fields": {"location": null, "chapter": null, "item": null, "organization": null, "story": null, "date": "2015-04-06T05:28:48.527Z", "creator": 2, "scene": null, "nation": null, "rating": 0, "content": "Note34", "character": 1}, "pk": 15}, {"model": "personas.note", "fields": {"location": null, "chapter": null, "item": null, "organization": null, "story": 1, "date": "2015-04-06T12:19:27.405Z", "creator": 2, "scene": null, "nation": null, "rating": 0, "content": "Cool story!", "character": null}, "pk": 16}, {"model": "personas.galleryimage", "fields": {"location": null, "chapter": null, "item": null, "organization": null, "story": null, "date": "2015-04-07T00:34:56.872Z", "title": "A day at night", "creator": 2, "scene": null, "nation": null, "rating": 0, "image": "content_images/2015/04/06/2ce53db7dce4b5b7b25d42ff0f7c3976-d3fjzs7.jpg", "character": 4}, "pk": 1}, {"model": "personas.galleryimage", "fields": {"location": null, "chapter": null, "item": null, "organization": null, "story": null, "date": "2015-04-07T00:38:31.571Z", "title": "Walls", "creator": 2, "scene": null, "nation": null, "rating": 0, "image": "content_images/2015/04/07/0d8cc0633b44488a8ec3060a0a61c560.jpg", "character": 4}, "pk": 2}, {"model": "personas.communique", "fields": {"author": 1, "receiver": 4, "rating": 0, "date": "2015-04-05T20:53:15.045Z", "content": "Go to hell!"}, "pk": 1}, {"model": "personas.communique", "fields": {"author": 2, "receiver": 1, "rating": 0, "date": "2015-04-06T04:48:59.067Z", "content": "Hiya"}, "pk": 2}, {"model": "personas.communique", "fields": {"author": 2, "receiver": 3, "rating": 0, "date": "2015-04-06T04:49:25.270Z", "content": "Test2"}, "pk": 3}, {"model": "personas.communique", "fields": {"author": 2, "receiver": 4, "rating": 0, "date": "2015-04-06T04:52:57.431Z", "content": "Hello"}, "pk": 4}, {"model": "personas.communique", "fields": {"author": 4, "receiver": 1, "rating": 0, "date": "2015-04-06T04:53:36.409Z", "content": "Thorin"}, "pk": 5}, {"model": "personas.communique", "fields": {"author": 4, "receiver": 1, "rating": 0, "date": "2015-04-06T05:09:18.313Z", "content": "Test2"}, "pk": 6}, {"model": "personas.communique", "fields": {"author": 4, "receiver": 2, "rating": 0, "date": "2015-04-06T05:09:30.450Z", "content": "Test45"}, "pk": 7}, {"model": "personas.communique", "fields": {"author": 1, "receiver": 2, "rating": 0, "date": "2015-04-06T05:14:53.944Z", "content": "It works!"}, "pk": 8}, {"model": "personas.communique", "fields": {"author": 1, "receiver": 3, "rating": 0, "date": "2015-04-06T05:19:47.735Z", "content": "Test45"}, "pk": 9}, {"model": "personas.communique", "fields": {"author": 1, "receiver": 2, "rating": 0, "date": "2015-04-06T05:25:09.622Z", "content": "fjdafpdh"}, "pk": 10}, {"model": "personas.communique", "fields": {"author": 1, "receiver": 2, "rating": 0, "date": "2015-04-06T05:26:40.640Z", "content": "Test to Kaeso"}, "pk": 11}, {"model": "personas.communique", "fields": {"author": 4, "receiver": 2, "rating": 0, "date": "2015-04-07T17:48:37.607Z", "content": "hyiuygiuyg"}, "pk": 12}, {"model": "personas.skill", "fields": {"name": "Blood", "description": "", "s_type": "Type_3", "character": 2, "value": "3"}, "pk": 6}, {"model": "personas.skill", "fields": {"name": "Longarms", "description": "", "s_type": "Type_3", "character": 3, "value": "9"}, "pk": 8}, {"model": "personas.skill", "fields": {"name": "Chemistry", "description": "", "s_type": "Type_2", "character": 1, "value": "3"}, "pk": 11}, {"model": "personas.skill", "fields": {"name": "Broadsword", "description": "", "s_type": "Type_3", "character": 4, "value": "12"}, "pk": 14}, {"model": "personas.skill", "fields": {"name": "Shield", "description": "", "s_type": "Type_1", "character": 4, "value": "9"}, "pk": 15}, {"model": "personas.skill", "fields": {"name": "Brawling", "description": "", "s_type": "Type_3", "character": 4, "value": "6"}, "pk": 17}, {"model": "personas.skill", "fields": {"name": "Athletics", "description": "", "s_type": "Type_1", "character": 4, "value": "8"}, "pk": 18}, {"model": "personas.skill", "fields": {"name": "Sense Danger", "description": "", "s_type": "Type_1", "character": 4, "value": "3"}, "pk": 19}, {"model": "personas.skill", "fields": {"name": "Riding", "description": "", "s_type": "Type_1", "character": 4, "value": "4"}, "pk": 20}, {"model": "personas.skill", "fields": {"name": "Military Lingo", "description": "", "s_type": "Type_2", "character": 4, "value": "2"}, "pk": 21}, {"model": "personas.skill", "fields": {"name": "Longbow", "description": "", "s_type": "Type_3", "character": 1, "value": "6"}, "pk": 23}, {"model": "personas.skill", "fields": {"name": "Awe", "description": "", "s_type": "Type_1", "character": 9, "value": "3"}, "pk": 25}, {"model": "personas.skill", "fields": {"name": "Stealth", "description": "", "s_type": "Type_1", "character": 9, "value": "3"}, "pk": 26}, {"model": "personas.skill", "fields": {"name": "Battle", "description": "", "s_type": "Type_1", "character": 9, "value": "3"}, "pk": 27}, {"model": "personas.skill", "fields": {"name": "Athletics", "description": "", "s_type": "Type_1", "character": 9, "value": "4"}, "pk": 28}, {"model": "personas.skill", "fields": {"name": "Necromancy", "description": "", "s_type": "Type_4", "character": 10, "value": "12"}, "pk": 29}, {"model": "personas.skill", "fields": {"name": "Intimidation", "description": "", "s_type": "Type_2", "character": 10, "value": "6"}, "pk": 30}, {"model": "personas.skill", "fields": {"name": "Research", "description": "", "s_type": "Type_2", "character": 10, "value": "5"}, "pk": 31}, {"model": "personas.statistic", "fields": {"name": "Strength", "description": "", "stat_type": "Type_1", "character": 1, "value": "14"}, "pk": 1}, {"model": "personas.statistic", "fields": {"name": "Power", "description": "", "stat_type": "Type_1", "character": 2, "value": "5"}, "pk": 2}, {"model": "personas.statistic", "fields": {"name": "Power", "description": "", "stat_type": "Type_1", "character": 2, "value": "5"}, "pk": 3}, {"model": "personas.statistic", "fields": {"name": "Power", "description": "", "stat_type": "Type_1", "character": 3, "value": "4"}, "pk": 4}, {"model": "personas.statistic", "fields": {"name": "Nimble", "description": "", "stat_type": "Type_1", "character": 3, "value": "9"}, "pk": 5}, {"model": "personas.statistic", "fields": {"name": "Smart", "description": "", "stat_type": "Type_2", "character": 3, "value": "3"}, "pk": 6}, {"model": "personas.statistic", "fields": {"name": "Handy", "description": "", "stat_type": "Type_3", "character": 3, "value": "5"}, "pk": 7}, {"model": "personas.statistic", "fields": {"name": "Elementalism", "description": "", "stat_type": "Type_4", "character": 3, "value": "5"}, "pk": 8}, {"model": "personas.statistic", "fields": {"name": "Strength", "description": "", "stat_type": "Type_1", "character": 4, "value": "7"}, "pk": 9}, {"model": "personas.statistic", "fields": {"name": "Constitution", "description": "", "stat_type": "Type_1", "character": 4, "value": "9"}, "pk": 13}, {"model": "personas.statistic", "fields": {"name": "Intimidate", "description": "", "stat_type": "Type_3", "character": 4, "value": "7"}, "pk": 15}, {"model": "personas.statistic", "fields": {"name": "Brawn", "description": "", "stat_type": "Type_1", "character": 4, "value": "9"}, "pk": 20}, {"model": "personas.statistic", "fields": {"name": "Wisdom", "description": "", "stat_type": "Type_1", "character": 8, "value": "6"}, "pk": 27}, {"model": "personas.statistic", "fields": {"name": "Power", "description": "", "stat_type": "Type_3", "character": 8, "value": "4"}, "pk": 28}, {"model": "personas.statistic", "fields": {"name": "Body", "description": "", "stat_type": "Type_1", "character": 9, "value": "5 (8 Favoured)"}, "pk": 29}, {"model": "personas.statistic", "fields": {"name": "Heart", "description": "", "stat_type": "Type_1", "character": 9, "value": "5 (6 Favoured)"}, "pk": 32}, {"model": "personas.statistic", "fields": {"name": "Wits", "description": "", "stat_type": "Type_1", "character": 9, "value": "6 (7 Favoured)"}, "pk": 33}, {"model": "personas.statistic", "fields": {"name": "Wisdom", "description": "", "stat_type": "Type_2", "character": 9, "value": "4"}, "pk": 34}, {"model": "personas.statistic", "fields": {"name": "Valor", "description": "", "stat_type": "Type_2", "character": 9, "value": "3"}, "pk": 35}, {"model": "personas.statistic", "fields": {"name": "Endurance", "description": "", "stat_type": "Type_3", "character": 9, "value": "30"}, "pk": 36}, {"model": "personas.statistic", "fields": {"name": "Hope", "description": "", "stat_type": "Type_3", "character": 9, "value": "13"}, "pk": 37}, {"model": "personas.statistic", "fields": {"name": "Body", "description": "", "stat_type": "Type_1", "character": 10, "value": "3"}, "pk": 38}, {"model": "personas.statistic", "fields": {"name": "Agility", "description": "", "stat_type": "Type_1", "character": 10, "value": "3"}, "pk": 39}, {"model": "personas.statistic", "fields": {"name": "Constitution", "description": "", "stat_type": "Type_1", "character": 10, "value": "3"}, "pk": 40}, {"model": "personas.statistic", "fields": {"name": "Intellect", "description": "", "stat_type": "Type_2", "character": 10, "value": "7"}, "pk": 41}, {"model": "personas.statistic", "fields": {"name": "Charisma", "description": "", "stat_type": "Type_3", "character": 10, "value": "2"}, "pk": 42}, {"model": "personas.statistic", "fields": {"name": "Channelling", "description": "", "stat_type": "Type_4", "character": 10, "value": "7"}, "pk": 43}, {"model": "personas.combatinfo", "fields": {"data": "To hit: 5, Damage: 5d6", "title": "Blaster", "character": 1}, "pk": 1}, {"model": "personas.combatinfo", "fields": {"data": "To hit: 5, Damage: 5d6", "title": "Blaster", "character": 1}, "pk": 2}, {"model": "personas.combatinfo", "fields": {"data": "To Hit: +5, 4d6 damage", "title": "Blaster - ", "character": 2}, "pk": 3}, {"model": "personas.combatinfo", "fields": {"data": "+9 to hit, 3d6+2 damage", "title": "Sword +3", "character": 3}, "pk": 4}, {"model": "personas.combatinfo", "fields": {"data": "1d8 damage", "title": "Broadsword", "character": 4}, "pk": 5}, {"model": "personas.combatinfo", "fields": {"data": "18", "title": "Armour Class", "character": 4}, "pk": 6}, {"model": "personas.combatinfo", "fields": {"data": "Armour: 4", "title": "Plate Mail", "character": 3}, "pk": 7}, {"model": "personas.combatinfo", "fields": {"data": "PD: 3", "title": "Shield", "character": 3}, "pk": 8}, {"model": "personas.combatinfo", "fields": {"data": "+4 to hit, 1d6x10 damage", "title": "Lightsaber Combat", "character": 8}, "pk": 12}, {"model": "personas.combatinfo", "fields": {"data": "Skill 4, Damage 7, Edge 10, Injury 16", "title": "Great Bow", "character": 9}, "pk": 13}, {"model": "personas.combatinfo", "fields": {"data": "Attack 4; 4d6 damage", "title": "Death Touch", "character": 10}, "pk": 15}, {"model": "personas.combatinfo", "fields": {"data": "43", "title": "HP", "character": 10}, "pk": 16}, {"model": "personas.combatinfo", "fields": {"data": "4", "title": "AC", "character": 10}, "pk": 17}, {"model": "personas.item", "fields": {"story": 1, "name": "Emblazoned Jacket", "description": "+3 morale", "character": null, "slug": "emblazoned-jacket"}, "pk": 1}, {"model": "personas.item", "fields": {"story": 1, "name": "New Hat", "description": "+2 proud", "character": 3, "slug": "new-hat"}, "pk": 2}, {"model": "personas.item", "fields": {"story": 1, "name": "Razor", "description": "+3 longsword", "character": 3, "slug": "razor"}, "pk": 3}, {"model": "personas.item", "fields": {"story": 1, "name": "New Moon", "description": "Shortsword", "character": 3, "slug": "new-moon"}, "pk": 4}, {"model": "personas.item", "fields": {"story": 1, "name": "Godstar", "description": "Starship", "character": null, "slug": "godstar"}, "pk": 5}, {"model": "personas.item", "fields": {"story": 1, "name": "Lightsaber", "description": "1d6x10 damage", "character": 8, "slug": "lightsaber"}, "pk": 6}, {"model": "personas.item", "fields": {"story": 3, "name": "Dalish Longbow", "description": "Reroll Feat Die on protection tests when G rune rolled.", "character": 9, "slug": "dalish-longbow"}, "pk": 7}, {"model": "personas.item", "fields": {"story": 1, "name": "Toque of Healing", "description": "Heal 1d6 Health, 4x per day.", "character": 4, "slug": "toque-of-healing"}, "pk": 8}, {"model": "personas.character", "fields": {"slug": "mirinham", "c_type": "Protagonist", "age": 21, "story": 1, "xp": 0, "base_of_operations": 1, "birthplace": 1, "nationality": 1, "creator": 1, "name": "Mirinham", "description": "Now for the good stuff.", "image": "profile_images/2015/04/07/1e71dfb26219a9cd12c5feb573310578-d5smwxa.jpg"}, "pk": 1}, {"model": "personas.character", "fields": {"slug": "tibald", "c_type": "Antagonist", "age": 21, "story": 1, "xp": 0, "base_of_operations": 1, "birthplace": 1, "nationality": 1, "creator": 1, "name": "Tibald", "description": "Grim-dark, Brooding", "image": "profile_images/2015/04/03/221.JPG"}, "pk": 2}, {"model": "personas.character", "fields": {"slug": "horatio", "c_type": "Protagonist", "age": 21, "story": 1, "xp": 0, "base_of_operations": 1, "birthplace": 1, "nationality": 1, "creator": 1, "name": "Horatio", "description": "A loyal friend.", "image": "profile_images/2015/04/03/276.PNG"}, "pk": 3}, {"model": "personas.character", "fields": {"slug": "isbaern", "c_type": "Protagonist", "age": 35, "story": 1, "xp": 0, "base_of_operations": 2, "birthplace": 1, "nationality": 1, "creator": 2, "name": "Isbaern", "description": "Steve's main man.", "image": "profile_images/2015/04/05/152.JPG"}, "pk": 4}, {"model": "personas.character", "fields": {"slug": "gloria", "c_type": "Supporting", "age": 21, "story": 1, "xp": 0, "base_of_operations": 2, "birthplace": 1, "nationality": 1, "creator": 2, "name": "Gloria", "description": "A wanderer", "image": "profile_images/2015/04/08/redhaired_punk_by_marcodalidingo-d4onpfe.jpg"}, "pk": 8}, {"model": "personas.character", "fields": {"slug": "heoden-greyshield", "c_type": "Protagonist", "age": 35, "story": 3, "xp": 0, "base_of_operations": 3, "birthplace": 3, "nationality": 2, "creator": 2, "name": "Heoden Greyshield", "description": "Sergeant of Tharbad", "image": "profile_images/2015/04/08/035v.jpg"}, "pk": 9}, {"model": "personas.character", "fields": {"slug": "logos-of-ios", "c_type": "Antagonist", "age": 45, "story": 4, "xp": 0, "base_of_operations": 4, "birthplace": 4, "nationality": 4, "creator": 2, "name": "Logos of Ios", "description": "A necromancer turned into an elf through reincarnation.", "image": "profile_images/2015/04/10/013.JPG"}, "pk": 10}, {"model": "personas.relationship", "fields": {"weight": 70, "relationship_description": "More noble than I", "relationship_class": "Friend", "from_character": 4, "to_character": 1}, "pk": 4}, {"model": "personas.relationship", "fields": {"weight": 50, "relationship_description": "Why am I doing this?", "relationship_class": "Lover", "from_character": 4, "to_character": 2}, "pk": 5}, {"model": "personas.relationship", "fields": {"weight": 50, "relationship_description": "hyuihiuh", "relationship_class": "Child", "from_character": 4, "to_character": 1}, "pk": 7}, {"model": "personas.relationship", "fields": {"weight": 50, "relationship_description": "Guardian of", "relationship_class": "Member", "from_character": 8, "to_character": 4}, "pk": 8}, {"model": "personas.relationship", "fields": {"weight": 50, "relationship_description": "Warm", "relationship_class": "Ally", "from_character": 9, "to_character": 9}, "pk": 9}, {"model": "personas.organization", "fields": {"location": 1, "region": "45Delta", "purpose": "To Keep the Peace", "slug": "7th-navy", "story": 1, "name": "The 7th Navy", "description": "fdafd", "image": "organization_images/nothing.jpg"}, "pk": 1}, {"model": "personas.organization", "fields": {"location": 3, "region": "Arnor and Gondor", "purpose": "To protect the Free Peoples of Middle-Earth", "slug": "rangers", "story": 3, "name": "Rangers", "description": "The Rangers were two secretive, independent groups organized by the D\u00fanedain of the North (Arnor) and South (Gondor) in the Third Age. Like their N\u00famen\u00f3rean ancestors, they appeared to possess qualities closely attributed to the Eldar, with their keen senses and ability to understand the language of birds and beasts.[1] They were great trackers and hardy warriors\u2014defending their respective areas from evil forces.\r\n\r\nThe two groups of Rangers were the Rangers of the North and the Rangers of Ithilien. The two groups were unconnected to each other, though distantly related by blood.", "image": "organization_images/2015/04/09/fairy_forest_by_phatpuppyart-d4ptggw.jpg"}, "pk": 2}, {"model": "personas.membership", "fields": {"role": "Sniper", "organization": 1, "date_joined": "2014-01-01", "character": 1, "rank": 1}, "pk": 1}, {"model": "personas.membership", "fields": {"role": "Shiphand", "organization": 1, "date_joined": "2014-01-01", "character": 2, "rank": 1}, "pk": 2}, {"model": "personas.membership", "fields": {"role": "Shiphand", "organization": 1, "date_joined": "2014-01-01", "character": 2, "rank": 1}, "pk": 3}, {"model": "personas.membership", "fields": {"role": "Shiphand", "organization": 1, "date_joined": "2014-01-01", "character": 2, "rank": 1}, "pk": 4}, {"model": "personas.membership", "fields": {"role": "Combatant", "organization": 1, "date_joined": "2014-01-01", "character": 4, "rank": 3}, "pk": 5}, {"model": "personas.membership", "fields": {"role": "Psychic", "organization": 1, "date_joined": "2014-01-01", "character": 8, "rank": 1}, "pk": 6}, {"model": "personas.membership", "fields": {"role": "Honourary Member", "organization": 2, "date_joined": "2014-01-01", "character": 9, "rank": 1}, "pk": 7}, {"model": "personas.scene", "fields": {"location": 1, "chapter": 1, "slug": "once-again", "time": "2014-01-01T00:00:00Z", "characters": [1, 3, 4], "title": "Once Again", "description": "jfld;afsd"}, "pk": 2}, {"model": "personas.chapter", "fields": {"story": 1, "slug": "the-void", "description": "gljgkj", "title": "The Void", "number": 1}, "pk": 1}, {"model": "personas.chapter", "fields": {"story": 3, "slug": "the-journey-begins", "description": "Where the heroes set out from Laketown on their journey to Gondor.", "title": "The Journey Begins", "number": 1}, "pk": 2}, {"model": "personas.chapter", "fields": {"story": 3, "slug": "a-shot-in-the-dark", "description": "jfkd;adfs", "title": "A shot in the dark", "number": 1}, "pk": 3}, {"model": "personas.chapter", "fields": {"story": 3, "slug": "a-black-dog-at-night", "description": "fdafds", "title": "A black dog at night", "number": 2}, "pk": 4}, {"model": "personas.chapter", "fields": {"story": 3, "slug": "too-many-sundays", "description": "fdafds", "title": "Too many sundays", "number": 4}, "pk": 5}, {"model": "personas.chapter", "fields": {"story": 3, "slug": "new-chapter-4", "description": "fdafdsf", "title": "New chapter 4", "number": 1}, "pk": 6}, {"model": "personas.chapter", "fields": {"story": 3, "slug": "new-chapter-5", "description": "fdafdsffdgsd", "title": "New chapter 5", "number": 5}, "pk": 7}, {"model": "personas.chapter", "fields": {"story": 4, "slug": "the-first-month", "description": "jfld", "title": "The First Month", "number": 1}, "pk": 9}, {"model": "personas.story", "fields": {"skill_type_name_2": "Investigative", "description": "A tale of rebellion against the backdrop of a dying empire.", "slug": "the-darkest-stars", "colour_theme": "Dark", "skill_type_name_1": "General", "statistic_type_name_3": "Social", "background": "story_backgrounds/2015/04/02/580-8.jpg", "genre": "Science-Fiction", "author": 1, "statistic_type_name_1": "Physical", "publication_date": "2015-04-06", "title": "The Darkest Stars", "statistic_type_name_4": "Magic", "statistic_type_name_2": "Mental", "skill_type_name_3": "Combat", "skill_type_name_4": "Knowledge", "image": "story_images/2015/04/02/580-8_6Oir0Ic.jpg"}, "pk": 1}, {"model": "personas.story", "fields": {"skill_type_name_2": "Combat Skills", "description": "A tale of emissaries of three kings and their travels.", "slug": "the-one-ring", "colour_theme": "Dark", "skill_type_name_1": "Common Skills", "statistic_type_name_3": "Endurance & Hope", "background": "story_backgrounds/2015/04/07/161254.jpg", "genre": "Fantasy", "author": 1, "statistic_type_name_1": "Attributes", "publication_date": "2015-04-07", "title": "The One Ring", "statistic_type_name_4": "Adventure Points", "statistic_type_name_2": "Wisdom & Valor", "skill_type_name_3": "Derived Stats", "skill_type_name_4": "Game Stats", "image": "story_images/2015/04/06/275.JPG"}, "pk": 3}, {"model": "personas.story", "fields": {"skill_type_name_2": "Investigative", "description": "A tale of Caesar's invasion of a magical Britain.", "slug": "roma-britannica", "colour_theme": "Dark", "skill_type_name_1": "General", "statistic_type_name_3": "Social", "background": "story_backgrounds/2015/04/09/rome_war.jpeg", "genre": "Fantasy", "author": 2, "statistic_type_name_1": "Physical", "publication_date": "2015-04-09", "title": "Roma Britannica", "statistic_type_name_4": "Magic", "statistic_type_name_2": "Mental", "skill_type_name_3": "Combat", "skill_type_name_4": "Magic", "image": "story_images/2015/04/09/258.JPG"}, "pk": 4}, {"model": "personas.mainmap", "fields": {"slug": "roman-empire", "base_latitude": 50.917709, "story": 4, "name": "Roman Empire", "base_longitude": -1.381948, "tiles": "http://pelagios.dme.ait.ac.at/tilesets/imperium/{z}/{x}/{y}.png"}, "pk": 1}]